{"loss": [1.3411527872085571, 0.4312538504600525, 0.26019152998924255, 0.18114206194877625, 0.13004207611083984, 0.10348348319530487, 0.08046551793813705, 0.07182709127664566, 0.06157402694225311, 0.051377613097429276], "accuracy": [0.6033715009689331, 0.8627783060073853, 0.9167508482933044, 0.9417170286178589, 0.9576357007026672, 0.9664698839187622, 0.9734405279159546, 0.977509081363678, 0.9799843430519104, 0.9833558797836304], "val_loss": [0.6162824034690857, 0.28571054339408875, 0.21486081182956696, 0.18553631007671356, 0.16368387639522552, 0.19430890679359436, 0.18146736919879913, 0.11568804085254669, 0.11614847183227539, 0.1590384989976883], "val_accuracy": [0.8085021376609802, 0.9062144160270691, 0.9305144548416138, 0.9404734969139099, 0.9472455978393555, 0.9435465335845947, 0.9434327483177185, 0.965114951133728, 0.9653425812721252, 0.9532210230827332]}